<resources>

    <string name="app_name">sns</string>
    <string name="request_permission">This sample needs camera permission.</string>
    <string name="camera_error">This device doesn\'t support Camera2 API.</string>
    <string name="please_grant_permission">권한을 허용해 주세요.</string>
    <string name="facebook_app_id">1902797319922093</string>
    <string name="fb_login_protocol_scheme">fb1902797319922093</string>
    <string name="picturetaking">사진촬영</string>
    <string name="gallery">갤러리</string>
    <string name="todo">TODO</string>

</resources>
